Workbook

Sheet Grade
B1: SENG1050 Web-Based Assignment 1 Rubrics
B3: Name and ID | C3: {=_xlfn.TEXTAFTER(_xlfn.TEXTBEFORE(CELL("filename"),".xlsx"),"[")} -> SENG1050-Assessment-02-Rubrics-2025-S2
D5: Status | E5: Multiplier | F5: Student Mark | G5: Comments
B6: General Requirements | C6: =SUM(C7) -> 2 | F6: =SUM(F7) -> 0
A7: 1 | B7: Proper directory setup. | C7: =SUM(C8:C9) -> 2 | F7: =SUM(F8:F9) -> 0
B8: fevergamez as root directory. | C8: 1 | E8: =VLOOKUP(D8,Raw!$A$2:$B$23,2,FALSE) -> 0 | F8: =C8*E8 -> 0
B9: fevergamez/image as image directory. | C9: 1 | E9: =VLOOKUP(D9,Raw!$A$2:$B$23,2,FALSE) -> 0 | F9: =C9*E9 -> 0
B11: HTML Documents | C11: =SUM(C12,C17,C30,C38) -> 47 | F11: =SUM(F12,F17,F30,F38) -> 0
A12: 1 | B12: All web pages. | C12: =SUM(C13:C16) -> 8 | F12: =SUM(F13:F16) -> 0
B13: Full HTML document structure (include <!DOCTYPE>, <html>, <head>, <meta>, <title>, and <body>). | C13: 3 | E13: =VLOOKUP(D13,Raw!$A$2:$B$23,2,FALSE) -> 0 | F13: =C13*E13 -> 0
B14: Navigation bar: Uses hyperlinks to link all pages to one another. | C14: 2 | E14: =VLOOKUP(D14,Raw!$A$2:$B$23,2,FALSE) -> 0 | F14: =C14*E14 -> 0
B15: Navigation bar: Hyperlinks implemented using relative URLs. | C15: 1.5 | E15: =VLOOKUP(D15,Raw!$A$2:$B$23,2,FALSE) -> 0 | F15: =C15*E15 -> 0
B16: Copyright statement in proper HTML structuring element for the homepage (<address>). | C16: 1.5 | E16: =VLOOKUP(D16,Raw!$A$2:$B$23,2,FALSE) -> 0 | F16: =C16*E16 -> 0
A17: 2 | B17: Homepage. | C17: =SUM(C18:C29) -> 18.5 | F17: =SUM(F18:F29) -> 0
B18: Correct file name. | C18: 0.5 | E18: =VLOOKUP(D18,Raw!$A$2:$B$23,2,FALSE) -> 0 | F18: =C18*E18 -> 0
B19: Welcome note: Proper and meaningful level 1 heading. | C19: 1 | E19: =VLOOKUP(D19,Raw!$A$2:$B$23,2,FALSE) -> 0 | F19: =C19*E19 -> 0
B20: Welcome note: One to two meaningful paragraphs of welcome note. | C20: 1 | E20: =VLOOKUP(D20,Raw!$A$2:$B$23,2,FALSE) -> 0 | F20: =C20*E20 -> 0
B21: Welcome note: One meaningful blockquote. | C21: 1 | E21: =VLOOKUP(D21,Raw!$A$2:$B$23,2,FALSE) -> 0 | F21: =C21*E21 -> 0
B22: Feature product section: Proper and meaningful level 1 and 2 headings. | C22: 2 | E22: =VLOOKUP(D22,Raw!$A$2:$B$23,2,FALSE) -> 0 | F22: =C22*E22 -> 0
B23: Feature product section: An unordered list or an ordered list of THREE feature products (regardless of genre). | C23: 3 | E23: =VLOOKUP(D23,Raw!$A$2:$B$23,2,FALSE) -> 0 | F23: =C23*E23 -> 0
B24: Feature product section: One short description paragraph for each product. | C24: 3 | E24: =VLOOKUP(D24,Raw!$A$2:$B$23,2,FALSE) -> 0 | F24: =C24*E24 -> 0
B25: Feature product section: One image for each product. | C25: 3 | E25: =VLOOKUP(D25,Raw!$A$2:$B$23,2,FALSE) -> 0 | F25: =C25*E25 -> 0
B26: One hyperlink to an external website using an absolute URL. | C26: 1 | E26: =VLOOKUP(D26,Raw!$A$2:$B$23,2,FALSE) -> 0 | F26: =C26*E26 -> 0
B27: Correct utilization of EM tag. | C27: 1 | E27: =VLOOKUP(D27,Raw!$A$2:$B$23,2,FALSE) -> 0 | F27: =C27*E27 -> 0
B28: Correct utilization of STRONG tag. | C28: 1 | E28: =VLOOKUP(D28,Raw!$A$2:$B$23,2,FALSE) -> 0 | F28: =C28*E28 -> 0
B29: Correct utilization of ABBR tag. | C29: 1 | E29: =VLOOKUP(D29,Raw!$A$2:$B$23,2,FALSE) -> 0 | F29: =C29*E29 -> 0
A30: 3 | B30: About Us page. | C30: =SUM(C31:C37) -> 10.5 | F30: =SUM(F31:F37) -> 0
B31: Correct file name. | C31: 0.5 | E31: =VLOOKUP(D31,Raw!$A$2:$B$23,2,FALSE) -> 0 | F31: =C31*E31 -> 0
B32: History section: Proper and meaningful level 1 heading. | C32: 1 | E32: =VLOOKUP(D32,Raw!$A$2:$B$23,2,FALSE) -> 0 | F32: =C32*E32 -> 0
B33: History section: One to two meaningful paragraphs of history. | C33: 1 | E33: =VLOOKUP(D33,Raw!$A$2:$B$23,2,FALSE) -> 0 | F33: =C33*E33 -> 0
B34: Privacy policy section: Proper and meaningful level 1 and 2 headings. | C34: 2 | E34: =VLOOKUP(D34,Raw!$A$2:$B$23,2,FALSE) -> 0 | F34: =C34*E34 -> 0
B35: Privacy policy section: Paragraphs of discussion on privacy policy. | C35: 2 | E35: =VLOOKUP(D35,Raw!$A$2:$B$23,2,FALSE) -> 0 | F35: =C35*E35 -> 0
B36: Terms and conditions section: Proper and meaningful level 1 and 2 headings. | C36: 2 | E36: =VLOOKUP(D36,Raw!$A$2:$B$23,2,FALSE) -> 0 | F36: =C36*E36 -> 0
B37: Terms and conditions section: Paragraphs of discussion on terms and conditions . | C37: 2 | E37: =VLOOKUP(D37,Raw!$A$2:$B$23,2,FALSE) -> 0 | F37: =C37*E37 -> 0
A38: 4 | B38: Contact page. | C38: =SUM(C39:C48) -> 10 | F38: =SUM(F39:F48) -> 0
B39: Correct file name. | C39: 0.5 | E39: =VLOOKUP(D39,Raw!$A$2:$B$23,2,FALSE) -> 0 | F39: =C39*E39 -> 0
B40: Appropriate level 2 heading. | C40: 1 | E40: =VLOOKUP(D40,Raw!$A$2:$B$23,2,FALSE) -> 0 | F40: =C40*E40 -> 0
B41: Name of the person sending a message. | C41: 1 | E41: =VLOOKUP(D41,Raw!$A$2:$B$23,2,FALSE) -> 0 | F41: =C41*E41 -> 0
B42: An email address for replies. | C42: 1 | E42: =VLOOKUP(D42,Raw!$A$2:$B$23,2,FALSE) -> 0 | F42: =C42*E42 -> 0
B43: The subject of the message. | C43: 1 | E43: =VLOOKUP(D43,Raw!$A$2:$B$23,2,FALSE) -> 0 | F43: =C43*E43 -> 0
B44: The message itself. | C44: 1 | E44: =VLOOKUP(D44,Raw!$A$2:$B$23,2,FALSE) -> 0 | F44: =C44*E44 -> 0
B45: Message urgency using radio buttons. | C45: 1 | E45: =VLOOKUP(D45,Raw!$A$2:$B$23,2,FALSE) -> 0 | F45: =C45*E45 -> 0
B46: Submit and clear button. | C46: 1 | E46: =VLOOKUP(D46,Raw!$A$2:$B$23,2,FALSE) -> 0 | F46: =C46*E46 -> 0
B47: All inputs must be filled before submission. | C47: 1 | E47: =VLOOKUP(D47,Raw!$A$2:$B$23,2,FALSE) -> 0 | F47: =C47*E47 -> 0
B48: Contact form submits to http://jkorpela.fi/cgi-bin/echo.cgi correctly using POST. | C48: 1.5 | E48: =VLOOKUP(D48,Raw!$A$2:$B$23,2,FALSE) -> 0 | F48: =C48*E48 -> 0
B50: XML Documents | C50: =SUM(C51,C62) -> 18.5 | F50: =SUM(F51,F62) -> 0
A51: 1 | B51: XML template with DTD. | C51: =SUM(C52:C61) -> 10.5 | F51: =SUM(F52:F61) -> 0
B52: Correct file name. | C52: 0.5 | E52: =VLOOKUP(D52,Raw!$A$2:$B$23,2,FALSE) -> 0 | F52: =C52*E52 -> 0
B53: DTD: Name element tag with correct modifier. | C53: 1 | E53: =VLOOKUP(D53,Raw!$A$2:$B$23,2,FALSE) -> 0 | F53: =C53*E53 -> 0
B54: DTD: Description element tag with correct modifier. | C54: 1 | E54: =VLOOKUP(D54,Raw!$A$2:$B$23,2,FALSE) -> 0 | F54: =C54*E54 -> 0
B55: DTD: Pricing element tag with correct modifier. | C55: 1 | E55: =VLOOKUP(D55,Raw!$A$2:$B$23,2,FALSE) -> 0 | F55: =C55*E55 -> 0
B56: DTD: Search element tag with correct modifier. | C56: 1 | E56: =VLOOKUP(D56,Raw!$A$2:$B$23,2,FALSE) -> 0 | F56: =C56*E56 -> 0
B57: DTD: Reviews element tag with correct modifier and attribute. | C57: 2 | E57: =VLOOKUP(D57,Raw!$A$2:$B$23,2,FALSE) -> 0 | F57: =C57*E57 -> 0
B58: DTD: Picture element tag with correct modifier. | C58: 1 | E58: =VLOOKUP(D58,Raw!$A$2:$B$23,2,FALSE) -> 0 | F58: =C58*E58 -> 0
B59: DTD: URL element tag with correct modifier. | C59: 1 | E59: =VLOOKUP(D59,Raw!$A$2:$B$23,2,FALSE) -> 0 | F59: =C59*E59 -> 0
B60: DTD: Include two entities. | C60: 1 | E60: =VLOOKUP(D60,Raw!$A$2:$B$23,2,FALSE) -> 0 | F60: =C60*E60 -> 0
B61: Arbitraty data in template file. | C61: 1 | E61: =VLOOKUP(D61,Raw!$A$2:$B$23,2,FALSE) -> 0 | F61: =C61*E61 -> 0
A62: 2 | B62: XML data files. | C62: =SUM(C63:C65) -> 8 | F62: =SUM(F63:F65) -> 0
B63: Correct file names. | C63: 1 | E63: =VLOOKUP(D63,Raw!$A$2:$B$23,2,FALSE) -> 0 | F63: =C63*E63 -> 0
B64: Each XML data file containes THREE games. | C64: 6 | E64: =VLOOKUP(D64,Raw!$A$2:$B$23,2,FALSE) -> 0 | F64: =C64*E64 -> 0
B65: XML data files MUST have the same tags and DTD as the XML template. | C65: 1 | E65: =VLOOKUP(D65,Raw!$A$2:$B$23,2,FALSE) -> 0 | F65: =C65*E65 -> 0
B67: CSS | C67: =SUM(C68,C77,C78) -> 11.5 | F67: =SUM(F68,F77,F78) -> 0
A68: 1 | B68: External style file. | C68: =SUM(C69:C76) -> 9.5 | F68: =SUM(F69:F76) -> 0
B69: Correct file name. | C69: 0.5 | E69: =VLOOKUP(D69,Raw!$A$2:$B$23,2,FALSE) -> 0 | F69: =C69*E69 -> 0
B70: Left and right side margin of at least 1 cm for the main content (body) of all webpages. | C70: 1 | E70: =VLOOKUP(D70,Raw!$A$2:$B$23,2,FALSE) -> 0 | F70: =C70*E70 -> 0
B71: Nice background (that does not inhibit reading the text). | C71: 1 | E71: =VLOOKUP(D71,Raw!$A$2:$B$23,2,FALSE) -> 0 | F71: =C71*E71 -> 0
B72: Hyperlink size and color change (pseudo class selectors a:link, a:visited …). | C72: 3 | E72: =VLOOKUP(D72,Raw!$A$2:$B$23,2,FALSE) -> 0 | F72: =C72*E72 -> 0
B73: Usage of id selector. | C73: 1 | E73: =VLOOKUP(D73,Raw!$A$2:$B$23,2,FALSE) -> 0 | F73: =C73*E73 -> 0
B74: Usage of class selector. | C74: 1 | E74: =VLOOKUP(D74,Raw!$A$2:$B$23,2,FALSE) -> 0 | F74: =C74*E74 -> 0
B75: Usage of <div> element and styling with CSS. | C75: 1 | E75: =VLOOKUP(D75,Raw!$A$2:$B$23,2,FALSE) -> 0 | F75: =C75*E75 -> 0
B76: Usage of <span> element and styling with CSS. | C76: 1 | E76: =VLOOKUP(D76,Raw!$A$2:$B$23,2,FALSE) -> 0 | F76: =C76*E76 -> 0
A77: 2 | B77: Document-level style sheet in Homepage. | C77: 1 | E77: =VLOOKUP(D77,Raw!$A$2:$B$23,2,FALSE) -> 0 | F77: =C77*E77 -> 0
A78: 3 | B78: Inline style in Homepage. | C78: 1 | E78: =VLOOKUP(D78,Raw!$A$2:$B$23,2,FALSE) -> 0 | F78: =C78*E78 -> 0
B80: Coding Style | C80: =SUM(C81,C89,C93,C96) -> 21 | F80: =SUM(F81,F89,F93,F96) -> 0
A81: 1 | B81: Validated files. | C81: =SUM(C82:C88) -> 7 | F81: =SUM(F82:F88) -> 0
B82: index.html (https://validator.w3.org/). | C82: 1 | E82: =VLOOKUP(D82,Raw!$A$2:$B$23,2,FALSE) -> 0 | F82: =C82*E82 -> 0
B83: about.html (https://validator.w3.org/). | C83: 1 | E83: =VLOOKUP(D83,Raw!$A$2:$B$23,2,FALSE) -> 0 | F83: =C83*E83 -> 0
B84: contact.html (https://validator.w3.org/). | C84: 1 | E84: =VLOOKUP(D84,Raw!$A$2:$B$23,2,FALSE) -> 0 | F84: =C84*E84 -> 0
B85: xmltemplate.xml (https://www.xmlvalidation.com/). | C85: 1 | E85: =VLOOKUP(D85,Raw!$A$2:$B$23,2,FALSE) -> 0 | F85: =C85*E85 -> 0
B86: xmldata1.xml (https://www.xmlvalidation.com/). | C86: 1 | E86: =VLOOKUP(D86,Raw!$A$2:$B$23,2,FALSE) -> 0 | F86: =C86*E86 -> 0
B87: xmldata2.xml (https://www.xmlvalidation.com/). | C87: 1 | E87: =VLOOKUP(D87,Raw!$A$2:$B$23,2,FALSE) -> 0 | F87: =C87*E87 -> 0
B88: style.css (http://jigsaw.w3.org/css-validator/). | C88: 1 | E88: =VLOOKUP(D88,Raw!$A$2:$B$23,2,FALSE) -> 0 | F88: =C88*E88 -> 0
A89: 2 | B89: Neat, clear, and indented codes. | C89: =SUM(C90:C92) -> 6 | F89: =SUM(F90:F92) -> 0
B90: HTML. | C90: 2 | E90: =VLOOKUP(D90,Raw!$A$2:$B$23,2,FALSE) -> 0 | F90: =C90*E90 -> 0
B91: XML. | C91: 2 | E91: =VLOOKUP(D91,Raw!$A$2:$B$23,2,FALSE) -> 0 | F91: =C91*E91 -> 0
B92: CSS. | C92: 2 | E92: =VLOOKUP(D92,Raw!$A$2:$B$23,2,FALSE) -> 0 | F92: =C92*E92 -> 0
A93: 3 | B93: Comments. | C93: =SUM(C94:C95) -> 6 | F93: =SUM(F94:F95) -> 0
B94: File metadata (file name, author, and date created). | C94: 3 | E94: =VLOOKUP(D94,Raw!$A$2:$B$23,2,FALSE) -> 0 | F94: =C94*E94 -> 0
B95: Marking criteria addressed. | C95: 3 | E95: =VLOOKUP(D95,Raw!$A$2:$B$23,2,FALSE) -> 0 | F95: =C95*E95 -> 0
A96: 4 | B96: README.txt containing references. | C96: 2 | E96: =VLOOKUP(D96,Raw!$A$2:$B$23,2,FALSE) -> 0 | F96: =C96*E96 -> 0
A98: 1 | B98: Penalised for excessively poor aesthetic appearence, untidiness, spelling and grammar problems, and not correctly following instructions. | C98: -10 | E98: =VLOOKUP(D98,Raw!$A$2:$B$23,2,FALSE) -> 0 | F98: =C98*E98 -> 0
B100: Total marks (%) | C100: =IF(SUM(C6,C11,C50,C67,C80)>100, 100, SUM(C6,C11,C50,C67,C80)) -> 100 | F100: =IF(SUM(F6,F11,F50,F67,F98,F80)>100, 100, SUM(F6,F11,F50,F67,F98,F80)) -> 0
B101: Late Submissions in days
B102: Final Total marks (%) | C102: =IF($E$101<=0, C100, (1-($E$101)*0.1)*C100) -> 100 | F102: =IF($E$101<=0, F100, (1-($E$101)*0.1)*F100) -> 0
B104: Course Weighting (/15) | C104: 0.15 | F104: =F102*15/100 -> 0

Sheet Raw
A1: Status | B1: Multiplier
B2: 0
A3: Fulfilled | B3: 1
A4: Partially Fulfilled | B4: 0.5
A5: Not Fulfilled | B5: 0
A6: 0.95 | B6: =A6 -> 0.95
A7: 0.9 | B7: =A7 -> 0.9
A8: 0.85 | B8: =A8 -> 0.85
A9: 0.8 | B9: =A9 -> 0.8
A10: 0.75 | B10: =A10 -> 0.75
A11: 0.7 | B11: =A11 -> 0.7
A12: 0.65 | B12: =A12 -> 0.65
A13: 0.6 | B13: =A13 -> 0.6
A14: 0.55 | B14: =A14 -> 0.55
A15: 0.45 | B15: =A15 -> 0.45
A16: 0.4 | B16: =A16 -> 0.4
A17: 0.35 | B17: =A17 -> 0.35
... A23: 0.05 | B23: =A23 -> 0.05
